2025-10-20_21-49-23,None,draft.py:2025-10-20_21-49-23
2025-10-28_10-45-29,None,draft.py:2025-10-20_21-49-23
2025-10-28_10-50-49,None,draft.py:2025-10-20_21-49-23
2025-10-28_10-54-15,None,draft.py:2025-10-20_21-49-23
2025-10-28_10-54-24,None,draft.py:2025-10-20_21-49-23
2025-10-28_10-54-57,None,draft.py:2025-10-20_21-49-23
2025-10-28_10-55-09,None,draft.py:2025-10-20_21-49-23
2025-10-28_10-55-21,None,draft.py:2025-10-20_21-49-23
2025-10-28_10-55-42,None,draft.py:2025-10-20_21-49-23
2025-10-28_10-58-49,None,draft.py:2025-10-20_21-49-23
2025-10-28_11-02-14,None,draft.py:2025-10-20_21-49-23
2025-10-28_11-03-00,None,draft.py:2025-10-20_21-49-23
2025-10-28_11-05-55,None,draft.py:2025-10-20_21-49-23
2025-10-28_11-06-37,None,draft.py:2025-10-20_21-49-23
2025-10-28_11-11-21,None,draft.py:2025-10-20_21-49-23
2025-10-28_11-13-06,None,draft.py:2025-10-20_21-49-23
2025-10-28_11-14-27,None,draft.py:2025-10-20_21-49-23
2025-10-28_11-14-33,None,draft.py:2025-10-20_21-49-23
2025-10-28_11-18-49,None,draft.py:2025-10-20_21-49-23
2025-10-28_11-19-04,None,draft.py:2025-10-20_21-49-23
2025-10-28_11-22-46,None,draft.py:2025-10-20_21-49-23
2025-10-28_11-23-30,None,draft.py:2025-10-20_21-49-23
2025-10-28_11-31-10,None,draft.py:2025-10-20_21-49-23
2025-10-28_11-36-16,None,draft.py:2025-10-20_21-49-23
2025-10-28_11-37-33,None,draft.py:2025-10-20_21-49-23
2025-10-28_11-38-48,None,draft.py:2025-10-20_21-49-23
2025-10-28_11-40-15,None,draft.py:2025-10-20_21-49-23
2025-10-28_11-40-38,None,draft.py:2025-10-20_21-49-23
2025-10-28_11-46-24,None,draft.py:2025-10-20_21-49-23
2025-10-28_11-47-02,None,draft.py:2025-10-20_21-49-23
2025-10-28_11-48-26,None,draft.py:2025-10-20_21-49-23
2025-10-28_11-51-19,None,draft.py:2025-10-20_21-49-23
